id;localidad;codigo_postal;nombre;modalidad;categoria;tipo_via;via;numero;telefono;email;web;ubicacion
1;Aín;12222;MOLI DEL DUC;R;2;C;DE L'AIGUA;11;964629064;info@molidelduc.es;http://www.molidelduc.es;39.90966000000003, -0.339261590999967
7;Albocàsser;12140;CASA SALES;R;2;C;TRAS LA IGLESIA;22;964428432;info@turistrat.es;www.turistrat.es;40.38227065700005, 0.019430000000056003
17;Alcudia de Veo;12222;ALMAZARA VEO;R;1;C;ENMEDIO;32;615538003;info@casaruralalmazaradeveo.com;;39.91857259000005, -0.34003084999994804
18;Alcudia de Veo;12222;CASA BENITANDUS-44;R;2;C;Benitandus;44;655936106;jfranchcabedo@gmail.com / rose69am@gmail.com;http://benitandus.com;39.91857259000005, -0.34003084999994804
21;Algimia de Almonacid;12414;LA CASITA DE LAS ESTRELLAS;R;2;C;Carcabo;18;964139400;info@lacasitadelasestrellas.com;lacasitadelasestrellas.com;39.909575000000075, -0.43718342499994306
24;Altura;12410;MASIA SAN JUAN-CASA 12;R;2;PD;MASIA SAN JUAN;;964132087;masiasanjuan@terra.es;http://www.masiadesanjuan.com;39.80756000000008, -0.583308131999956
27;Altura;12410;MASIA SAN JUAN-CASA 6;R;2;PD;MASIA SAN JUAN;;964132087;masiasanjuan@terra.es;http://www.masiadesanjuan.com;39.80756000000008, -0.583308131999956
32;Ares del Maestrat;12165;CASA COLL D'ARES I;R;2;C;COLL D'ARES;1;639551172;;;40.43918000000008, -0.11503567599993401
33;Ares del Maestrat;12165;CASA ARES;R;2;C;PEGUESA;27;660950792;;;40.43918000000008, -0.11503567599993401
35;Ares del Maestrat;12165;CASA CONCHA I;R;2;C;VIOLETA;16;639579271;conchaares@hotmail.com;;40.43918000000008, -0.11503567599993401
37;Ares del Maestrat;12165;CASA DEL CASTELL;R;2;;MASIA MONTALBANA;;639579271;conchaares@hotmail.com;;40.43918000000008, -0.11503567599993401
40;Ares del Maestrat;12165;MAS BLANC I;R;2;PD;MAS BLANC;SN;687518424;aropor@gmail.com;;40.43918000000008, -0.11503567599993401
48;Atzeneta del Maestrat;12132;MAS DELS CANALISOS;R;2;PD;Meanes;s/n;606568041;juanalfonsomontolio@gmail.com;;40.22622000000007, -0.18521786399998003
56;Benafer;12449;TORRE BUENA VISTA;R;2;C;ERAS SANZ;10;675029889;mtmcb@hotmail.com;;39.964573976000054, -0.604995865999967
57;Benassal;12160;CASA ELODIA;R;2;C;TORRENTILL;49;639551172;;;40.39140500000008, -0.17551575999993901
66;Benassal;12160;MONFERRER;R;2;PD;SERRADES;;964428432;info@turistrat.es;www.turistrat.es;40.39140500000008, -0.17551575999993901
67;Benassal;12160;VILLA ANGELES I;R;2;AV;DR. PUIGVERT;s/n-b;964209900;;;40.39140500000008, -0.17551575999993901
72;Benlloch;12181;CASA DANIEL;R;2;C;CASTELL DE MIRAVET;17;649849201;;;40.21528500000005, 0.019946901000025
73;Borriol;12190;LAS BOVEDAS;R;2;C;XIMEN PEREZ D`ARENOS;11;619196751;gresbabiloni@grupobdb.com;;40.05346000000003, -0.06537918299994701
75;Cabanes;12180;CASA ILDUM PLAZA;R;2;PL;IGLESIA;2;608284815;ildumplaza@gmail.com;http://www.ildumplaza.com/;40.14062500000006, 0.074784770000064
77;Cabanes;12180;CASA VARISTO;R;2;C;CARMEN;19;659048837;varisto@castelloninterior.com;http://www.castelloninterior.com;40.14062500000006, 0.074784770000064
78;Cabanes;12180;EL FORN DE SITJAR;R;4;C;Carmen;21;609147938;fornsitjar.casarural@gmail.com;http://www.elforncasarural.com;40.14062500000006, 0.074784770000064
81;Castell de Cabres;12319;CASA EL CUARTEL;R;2;C;CALLEJON PLAZA DE LA IGLESIA;23;977729018;;;40.66743500000007, 0.047877656000025005
84;Castellfort;12159;CASA FOLCH;R;2;C;MAYOR;4;964445700;casafolch@casafolch.com;http://www.casafolch.com;40.51201000000003, -0.19463855199995803
86;Castellnovo;12413;CASA ARACELI;R;2;C;CALVARIO;23;964137120;comgimeno@infobit.es;http://www.casaaraceli.net;39.85794500000003, -0.43359542199993906
91;Catí;12513;CASA ANGELITA;R;2;C;LARGA;6;608967101;aureliaturronesblasco@hotmail.com;http://www.camaracs.es/jblasco.htm;40.487979360000054, 0.021750000000054
94;Catí;12513;MAS D'ONCELL;R;2;PD;VAL DE CATI;;964428317;;;40.487979360000054, 0.021750000000054
95;Catí;12513;MAS DE SEGARRA;R;2;PD;LA VALL;;964409033;;;40.487979360000054, 0.021750000000054
96;Catí;12513;MAS DEL REI;R;2;;VALL DE CATI;;964428317;masdelrei@wanadoo.es;;40.487979360000054, 0.021750000000054
104;Cervera del Maestre;12578;EL REFUGI DEL MAESTRAT A;R;2;C;PATIO;3;964428432;info@turistrat.es;www.turistrat.es;40.44645000000003, 0.278189827000062
110;Cinctorres;12318;MAS NOU III;R;2;MS;PARCELA, 24 POL.;9;964161029;pedro@ turismoruralmorella.com;http://www.turimoruralmorella.com;40.57462953000004, -0.21521693299996503
112;Cirat;12231;CASA ROJA;R;2;AV;JARAMACIL;67;679354039;llistar@hotmail.com;;40.04645500000004, -0.46221056099994906
117;Culla;12163;ALDEAROQUETA - CANTO DE BAIX;R;2;MS;MAS D'EN ROQUETA;S/N;964762195;info@aldearoqueta.com;http://aldearoqueta.com;40.29137500000007, -0.12559661799997401
119;Culla;12163;ALDEAROQUETA - CARRER D'ALT 2;R;2;MS;MAS EN ROQUETA;S/N;964762195;info@aldearoqueta.com;http://aldearoqueta.com;40.29137500000007, -0.12559661799997401
120;Culla;12163;ALDEAROQUETA - CARRERO DE BAIX 1;R;2;MS;MAS DE EN ROQUETA;S/N;964762195;info@aldearoqueta.com;http://aldearoqueta.com;40.29137500000007, -0.12559661799997401
121;Culla;12163;ALDEAROQUETA - DEL PORCHE 2;R;2;MS;MAS EN ROQUETA;S/N;964762195;info@aldearoqueta.com;http://aldearoqueta.com;40.29137500000007, -0.12559661799997401
126;Culla;12163;ALDEAROQUETA - PASAJE 2;R;2;MS;MAS D'EN ROQUETA;S/N;964762195;info@aldearoqueta.com;http://aldearoqueta.com;40.29137500000007, -0.12559661799997401
129;Culla;12163;ALDEAROQUETA - PLACA DE LA FONT 2;R;2;MS;MAS D'EN ROQUETA;S/N;964762195;info@aldearoqueta.com;http://aldearoqueta.com;40.29137500000007, -0.12559661799997401
130;Culla;12163;ALDEAROQUETA - RUSTICA;R;2;MS;MAS D'EN ROQUETA;S/N;964762195;info@aldearoqueta.com;http://aldearoqueta.com;40.29137500000007, -0.12559661799997401
138;Culla;12163;CARRER PLA;R;2;C;CARRER PLA;27;609666913;;;40.29137500000007, -0.12559661799997401
139;Culla;12163;CASA DEL PRACTICANT SALES MATELLA;R;2;;MAS DE SALES MATELLA;2;635830743;turistculla@gmail.com;;40.29137500000007, -0.12559661799997401
141;Culla;12163;CASA LINO;R;2;C;ARRABAL;8;964446391;;;40.29137500000007, -0.12559661799997401
142;Culla;12163;CORRALETS II;R;2;PD;ROQUES DE LLAO, POL. 21, PARC. 69;sn;639610851;rdealbert@terra.com;;40.29137500000007, -0.12559661799997401
143;Culla;12163;EL NIU DEL PARDAL N?10;R;4;MS;DEL COLLET;10;722133506;albertovdc@hotmail.com;;40.29137500000007, -0.12559661799997401
144;Culla;12163;EL NIU DEL PARDAL NUMERO 8;R;4;MS;MAS DE COLLET;8;722133506;albertovdc@hotmail.com;;40.29137500000007, -0.12559661799997401
157;Eslida;12528;CASA RURAL L`ARTESA;R;2;C;COVA DE LORET;5;964628240;apiespadan@hotmail.com;http://www.lartesaturismerural.com;39.88722500000006, -0.30484959599993905
158;Eslida;12528;DALT VILA ESLIDA;R;3;C;SAN ISIDRO;1;601702897;daltvila.eslida@gmail.com;http://www.daltvilaeslida.com;39.88722500000006, -0.30484959599993905
159;Eslida;12528;LA CASA DE LA LUNA MEDIA;R;2;PD;DE VILLAMBUCH;s/n;964628410;info@hierbasmedicinales.org;http://www.hierbasmedicinales.org;39.88722500000006, -0.30484959599993905
160;Eslida;12528;SIERRA ESPADAN;R;2;C;CERVANTES;5;963726286;info@eslida.com;http://www.eslida.com;39.88722500000006, -0.30484959599993905
162;Espadilla;12230;LA FUENTE;R;2;PL;DE LA FUENTE;9;964619033;;;40.03261604900007, -0.344274999999925
163;Espadilla;12230;SAGANTA;R;2;C;CAMINO DE AYODAR;3;964619033;espadilla_ayt@gva.es;http://www.espadilla.es/;40.03261604900007, -0.344274999999925
166;Forcall;12310;CASA RURAL ANTIGA ESCOLA DE LES XIQUETES;R;2;C;DEL CARME;21;964171001;;http://www.competic.es/casaruralantigaescolaxiquetes;40.656150000000025, -0.21379255099992603
167;Forcall;12310;CASA RURAL CONSOLACION;R;1;C;De La Fuente;12;964161036;resimorella@gmail.com;http://www.casaruralforcall.es;40.656150000000025, -0.21379255099992603
173;Forcall;12310;LA CASETA;R;2;C;PELOTA;15;964160958;joseluis@querolassessors.com;;40.656150000000025, -0.21379255099992603
180;Jérica;12450;CASA NAVAJAS;R;1;CR;NAVAJAS A GAIBIEL;8;655014513;vasilmazlinov@gmail.com;http://www.casa-navajas.es;39.89489000000003, -0.552439460999949
184;Jérica;12450;LA CASA MORA;R;2;C;SAN ROQUE;4;678925780;lacasamorajerica@gmail.com;http://lacasamorajerica@gmail.com;39.89489000000003, -0.552439460999949
188;La Jana;12340;CASA EL CASTELLET;R;2;C;PURISIMA;23;964497196;casaelcastillet@wanadoo.es;;40.50235500000008, 0.23663143100003403
189;La Jana;12340;CASA JOIRMA;R;2;C;XERT;25;964428432;info@turistrat.es;www.turistrat.es;40.50235500000008, 0.23663143100003403
192;La Jana;12340;LES OLIVERES MIL.LENARIES II;R;4;C;Valencia;34;677578351;segabala@gmail.com;;40.50235500000008, 0.23663143100003403
196;La Pobla de Benifassà;12599;CASA MANOLITA II;R;2;C;ENMEDIO;7;977729047;casamanolita@hotmail.com;http://www.casamanolita.es.tl/;40.683820000000026, 0.17701417800003502
198;La Pobla de Benifassà;12599;CASA VILALTA;R;2;PL;EL SOL;27-B;964428432;;;40.683820000000026, 0.17701417800003502
199;La Pobla de Benifassà;12599;CASA WIFRE;R;1;CR;LA SENIA;KM 5;667442044;angel@moliabad.com;;40.683820000000026, 0.17701417800003502
201;La Pobla de Benifassà;12599;CASA YOLANDA;R;1;C;SAN ROC;19;685402421;yolandamurillo@yolandamurillo.com;;40.683820000000026, 0.17701417800003502
202;La Pobla de Benifassà;12599;EL CORRALET DE JOANA;R;2;C;TRASCASAS;49;653586580;maset41@yahoo.es;;40.683820000000026, 0.17701417800003502
203;La Pobla de Benifassà;12599;EL MIRADOR DEL BOIXAR;R;3;C;SAN ROC EL BOIXAR;6 C;615488859;calzadoschelo@hotmail.com;;40.683820000000026, 0.17701417800003502
204;La Pobla de Benifassà;12599;LA CASA DEL 3;R;2;C;SANT PERE;11;977729042;;;40.683820000000026, 0.17701417800003502
205;La Pobla de Benifassà;12599;LA FORADADA;R;2;CR;LA SENIA-FREDES (COLONIA EUROPA);;977729043;elsgasparets@hotmail.com;;40.683820000000026, 0.17701417800003502
207;La Salzadella;12186;MAS DEL REY;R;2;PD;LLARGUERES POLIGONO 13 FINCA 266;SN;643159142;casventhermanos@gmail.com;http://www.masiamasdelrey.es;40.42602500000004, 0.14470446000007
214;La Torre d'En Besora;12161;CASA PAQUITA;R;2;C;BAIX;28;647632345;info@torretur.com;http://www.torretur.com;40.31852500000008, -0.083652897999968
216;La Torre d'En Besora;12161;EL JARDIN MEDITERRANEO, CASA EL CAU;R;2;MS;COLOMER;1;677474893;molicolomer@molicolomer.com;http://molicolomer.com;40.31852500000008, -0.083652897999968
224;Les Coves de Vinromà;12185;CASA SERAFINA I;R;2;MS;ENRIERES, PZA. SANT ANTONI;5;629161989;roberto.nos@hotmail.com;http://www.ruralenrieres.com/;40.35058991500006, 0.104010000000073
226;Les Coves de Vinromà;12185;CASA TERENCIO;R;2;PD;MASIA D`ENRIERES;S/N;629161989;roberto.nos@hotmail.com;http://www.ruralenrieres.com;40.35058991500006, 0.104010000000073
228;Les Coves de Vinromà;12185;UN MOMENT;R;4;C;DESAMPARATS;49;672225355;salome@cota-ero.net;;40.35058991500006, 0.104010000000073
232;Les Useres/Useras;12118;LA PELEGRINA;R;2;PL;AJUANTAMENT;14;964388633;;;40.17508000000004, -0.171041134999939
234;Les Useres/Useras;12118;MAS DE HALCON;R;3;PO;3 PARCELA;567;695719153;ravebdake42@hotmail.com;http://casaaruralmashalcon.com;40.17508000000004, -0.171041134999939
235;Les Useres/Useras;12118;MAS DE L'AVENC;R;1;PE;COVA PANXA;SN;653599776;ricardo@perezgarrigues.es;;40.17508000000004, -0.171041134999939
236;Les Useres/Useras;12118;MAS DE L'ESCOLANET;R;2;PD;FONT DE MES AMUNT;;964428432;info@turistrat.es;http://www.turistrat.es;40.17508000000004, -0.171041134999939
237;Les Useres/Useras;12118;MAS DE LES GARROFERES;R;2;PD;FOYETS;SN;665402685;info@lesgarroferes.com;http://www.lesgarroferes.com;40.17508000000004, -0.171041134999939
238;Les Useres/Useras;12118;MAS DEL BOTIGUER;R;2;;MAS DEL BOTIGUER;/N;665059460;mireiallinares@gmail.com;http://vacacionesconmascota.com;40.17508000000004, -0.171041134999939
241;Les Useres/Useras;12118;MASIA AITONA;R;3;PD;FIGUEROSA;59-B;617890043;anaff4@hotmail.com;;40.17508000000004, -0.171041134999939
251;Morella;12300;CASA HORNO;R;2;C;HORNO-ORTELLS;8;964171282;;;40.56230500000004, -0.05324419999993701
253;Morella;12300;CASA LA MESTRA I;R;2;C;SOL-PEDANIA DE HERBESET;7;964173117;casesdemorella@morella.net;http://www.casesdemorella.com;40.56230500000004, -0.05324419999993701
258;Morella;12300;CASES DELS GASULLA 1;R;2;C;L'HOSPITAL - XIVA DE MORELLA;1;964173246;xivarural@yahoo.es;http://www.casesdelsgasulla.com/;40.56230500000004, -0.05324419999993701
259;Morella;12300;CASES DELS GASULLA 2;R;2;C;L'HOSPTAL - XIVA DE MORELLA;3;964173246;xivarural@yahoo.es;http://www.casesdelsgasulla.com/;40.56230500000004, -0.05324419999993701
268;Morella;12300;LA CASA DELS TORNEROS;R;2;PD;ENDUELLA, SEGUNDA DEL RIO;S/N;964161029;pedro@turismorural.com;http://www.turismoruralmorella.com/;40.56230500000004, -0.05324419999993701
276;Morella;12300;MOLI D'EN PI;R;2;CR;MORELLA-ZORITA;;964161079;cise@morella.net;http://www.casesdemorella.com;40.56230500000004, -0.05324419999993701
278;Morella;12300;TORRE GARGALLO II;R;2;CR;MORELLA-ARES, KM. 20;;964161091;info@torregargallo.com;http://www.torregargallo.com;40.56230500000004, -0.05324419999993701
281;Navajas;12470;VILLA PILAR;R;1;C;VALENCIA;14;629476252;aliciazarzuela@gmail.com;;39.88077500000003, -0.49971896299996305
284;Olocau del Rey;12312;CASA VENTANICO;R;2;C;MAYOR;29;679047601;info@turismoruralinterior.com;;40.63454000000007, -0.29665543399994404
294;Pina de Montalgrao;12429;CASA EVARISTO;R;2;C;HOSPITAL;5;964121082;;http://turismoruralse.com;40.01437563400003, -0.652781218999962
304;San Rafael del Rio;12510;AL-VIR;R;4;C;MAYOR;24;964428432;info@turistrat.es;;40.59035000000006, 0.32557975300005604
305;Sant Jordi/San Jorge;12320;CARMENS;R;2;C;JUAN BAUTISTA RONCHERA;3, 1?;670081897;m.ripolles@hotmail.com;;40.53720000000004, 0.358533467000029
307;Sant Jordi/San Jorge;12320;CASA ELS MATALAPERS;R;2;C;JUAN BAUTISTA RONCHERA;13;679765393;info@casaelsmatalapers.com;;40.53720000000004, 0.358533467000029
308;Sant Jordi/San Jorge;12320;CASA L'AMERICA;R;2;C;SAN VICENT;13;617426448;info@mediterranearural.com;http://www.mediterranearural.com;40.53720000000004, 0.358533467000029
309;Sant Jordi/San Jorge;12320;CASA LA RAFELA;R;2;C;DE LA VIRGEN;76;964499249;info@casalarafela.com;http://www,casalarafela.com;40.53720000000004, 0.358533467000029
315;Sant Jordi/San Jorge;12320;LA CASETA DEL CARRER NOU;R;2;C;NUEVA;18;964499177;;;40.53720000000004, 0.358533467000029
317;Sant Mateu;12170;CALACEIT;R;4;C;BONAIRE;38-36;606359905;calaceit@ruralsantmateu.com;http://www.ruralsantmateu.com;40.46327000000008, 0.168449568000028
322;Segorbe;12400;CASA EL ALMUDIN;R;2;C;Silleros;6;649772358;almudinrural@hotmail.es;;39.850743582000064, -0.49020999999993303
325;Segorbe;12400;MASIA NUEVA;R;2;PD;MASIA NUEVA;S/N;696494726;masianueva@yahoo.es;;39.850743582000064, -0.49020999999993303
326;Sierra Engarcerán;12182;CASA DON LUIS;R;2;;MAS D'EN POLLO-ELS ROSILDOS;;964760548;masdenpollo@yahoo.es;http://www.rinconesdelmundo.com/casasrurales/;40.275775175000035, -0.00012999999995500001
328;Sierra Engarcerán;12182;CASA PILI;R;2;;MASIA LA CASETA - ELS ROSILDOS;;964428432;info@turistrat.es;www.turistrat.es;40.275775175000035, -0.00012999999995500001
329;Sierra Engarcerán;12182;EL PATI DE L'ORONETA;R;4;C;SAN PABLO - ELS IBARSOS;18;622142143;rubengranell@yahoo.es;;40.275775175000035, -0.00012999999995500001
330;Sierra Engarcerán;12182;LA BODEGA DEL CARRETER;R;2;;MASIA BODEGA - ELS IBARSSOS;;;;;40.275775175000035, -0.00012999999995500001
333;Sierra Engarcerán;12182;MAS D' EN COLL;R;2;MS;D'EN COLL;SN;690860261;labodegadelcarreter@gmail.com;;40.275775175000035, -0.00012999999995500001
335;Sierra Engarcerán;12182;MAS DE LES CASETES;R;2;;MAS DE LES CASETES - LOS ROSILDOS;;686780464;;www.lescasetescasarural.com;40.275775175000035, -0.00012999999995500001
337;Sierra Engarcerán;12182;MAS DE MAS;R;4;PD;Masia Cervera;SN;636761149;info@masdemas.es;http://www.masdemas.es;40.275775175000035, -0.00012999999995500001
338;Sierra Engarcerán;12182;MASIA ALBALAT;R;4;PD;Masia Albalat, Els Rosildos;;659535011;info@masdalbalatrural.com;https://www.masdalbalatrural.com;40.275775175000035, -0.00012999999995500001
340;Soneja;12480;CASA ALVARO;R;2;C;HUERTA;26;627418616;;;39.82607000000007, -0.402676662999965
347;Tírig;12179;LA POTXOLA;R;2;C;SAN JAIME;23;964470873;info@gasparbrau.com;;40.43425000000008, 0.070630706000031
350;Todolella;12312;CASA NURI DE REI B;R;2;C;SANT CRISTOFOL;5;964213944;info@casaruralnuriderei.com;http://www.casaruralnuriderei.com/;40.64204414400007, -0.25925910899997
355;Todolella;12312;MASICO SANTANA I;R;2;;DISEMINADO;;964177558;;http://www.morella.net/cases;40.64204414400007, -0.25925910899997
357;Todolella;12312;TORRE JULIAN;R;2;CR;TODOLELLA-OLOCAU DEL REY;;964173117;cise@morella.net;http://www.casesdemorella.com;40.64204414400007, -0.25925910899997
362;Vall d'Alba;12194;CASA EL ROS II;R;2;PD;PELEJANA;S/N;964428432;info@turistrat.es;http://www.turistrat.es;40.18112000000008, -0.014462734999938002
364;Vall d'Alba;12194;MAS DE MANOLO EL CATALA;R;4;PD;MAS DEL ABOGAT;21;636488978;vvalls@castelloninterior.com;http://www.castelloninterior.com;40.18112000000008, -0.014462734999938002
366;Vall de Almonacid;12414;MASIA MATUTA;R;2;PD;MASIA MATUTA;SN;650437446;masia@masiadematuta.es;http://www.masiadematuta.es;39.89626009500006, -0.460777665999955
368;Vallibona;12315;VILLABONA;R;2;C;PARRALET;6;618257571;susanaribes@hotmail.com;;40.609290000000044, 0.097751544000061
373;Vilafamés;12192;EL ROGLE DE LES MARTINES;R;2;C;Portalet;34;679426192;;;40.12160000000006, -0.07053773899997301
376;Vilafamés;12192;RURAL ROOMS MAGNANIMUS 2;R;1;C;RAVALET;19;964329312;mail@mayogarcia.com;http://www.mayogarcia.com;40.12160000000006, -0.07053773899997301
377;Vilanova d'Alcolea;12183;CASONA DE LUCIA;R;4;PL;ARNAU DE VILANOVA;5;685543127;belles.lucia@gmail.com;http://www.casonadelucia.com;40.242290000000025, 0.087465077000047
379;Vilar de Canes;12162;CA LES BESSONES;R;2;C;ENMEDIO;12;669943158;info@calesbessones.es;http://www.calesbessones.es;40.35681000000005, -0.060726332999934005
381;Vilar de Canes;12162;CASA ARCADIO;R;2;C;BAIX;10;650572276;casaarcadio@gmail.com;http://www.casaruralarcadio.es/;40.35681000000005, -0.060726332999934005
383;Vilar de Canes;12162;CASA LA HEDRA;R;2;MS;DEL SE?OR CTRA. CV-165;km.40,5;661519669;info@aldeaecorural.com;https://www.aldeaecorural.com;40.35681000000005, -0.060726332999934005
389;Villafranca del Cid/Vilafranca;12150;CASA PICAIO;R;2;C;CID;25;647625330;;;40.42910420700008, -0.25637212099996903
391;Villafranca del Cid/Vilafranca;12150;CASETA DE L'HORT;R;4;PD;VEGAS, POL. 27, PARCELA;151-152;619900884;;;40.42910420700008, -0.25637212099996903
392;Villafranca del Cid/Vilafranca;12150;ELS PORTS;R;2;AV;CASTELLO;23;964499218;;;40.42910420700008, -0.25637212099996903
393;Villafranca del Cid/Vilafranca;12150;MASIA MATUTANO;R;2;;Masia Puebla de San Miguel;;635542340;masiamatutano@hotmail.com;;40.42910420700008, -0.25637212099996903
394;Villafranca del Cid/Vilafranca;12150;PORTAL DE SANT ROC;R;2;C;ABADIA;17;647625330;;;40.42910420700008, -0.25637212099996903
401;Villanueva de Viver;12428;CASA DEL PORCHE;R;2;PL;AYUNTAMIENTO;11;964121082;;http://www.turismoruralse.com;40.05684337400004, -0.6408306859999581
402;Villanueva de Viver;12428;CASA LEONOR;R;2;CR;BARRACAS;32;617312315;;;40.05684337400004, -0.6408306859999581
403;Villores;12311;EL ALBERGUE;R;2;C;LA FUENTE;S/N;964171085;;;40.678465868000046, -0.204089748999933
406;Vistabella del Maestrat;12135;A UN PAS DEL CEL;R;2;C;ROSARIO;8;659448321;info@aunpasdelcel.com;http://www.aunpasdelcel.com;40.29920000000004, -0.313153613999929
409;Vistabella del Maestrat;12135;CASA TENA;R;1;CM;ARRABAL DE SAN ROQUE;17;605529972;belagmed@hotmail.com;;40.29920000000004, -0.313153613999929
410;Vistabella del Maestrat;12135;L'ARC DE L'ERA DE POLO;R;2;C;CEMENTERI;7 y 9;600381045;teresa@penyagolosa.es;http://www.penyagolosa.es;40.29920000000004, -0.313153613999929
411;Vistabella del Maestrat;12135;L'HOSPITAL;R;2;C;FORN VELL;19;964218058;c.r.tiaruela.hospital@gmail.com;;40.29920000000004, -0.313153613999929
415;Xert;12360;CASA DE CARMETA;R;2;C;FREDES (PLAZA VIEJA, SN);46;649263000;;;40.54171000000008, 0.140162690000067
416;Xert;12360;CASA RURAL EL TURMELL;R;2;C;ARRABAL;55;655878405;info@casarurallaperdiu.com;;40.54171000000008, 0.140162690000067
417;Xert;12360;CASA RURAL IVAN;R;2;C;ARRABAL;55;655878405;info@casarurallaperdiu.com;http://www.casarurallaperdiu.com;40.54171000000008, 0.140162690000067
418;Xert;12360;CASA RURAL LA PERDIZ;R;2;C;HORNO;42;655878405;info@casarurallaperdiu.com;http://www.casarurallaperdiu.com/;40.54171000000008, 0.140162690000067
421;Xert;12360;RUSTIC Oh;R;3;C;INDEPENDENCIA;47;687472516;odette@casaconjacuzzi.com;http://www.casaconjacuzzi.com;40.54171000000008, 0.140162690000067
423;Zucaina;12125;CASA DEL ABUELO;R;3;C;SALUSTIANO ZAFON;8;690332525;zucainarural@gmail.com;http://.zucainarural.com;40.128040000000055, -0.44440733599992605
2;Albocàsser;12140;CA MIQUELET;R;2;C;major;5;964428432;info@turistrat.es;http://www.turistrat.es;40.38227065700005, 0.019430000000056003
3;Albocàsser;12140;CASA EL PASSADIS;R;2;C;SAN PABLO;13;964428432;info@turistrat.es;http://www.turistrat.es;40.38227065700005, 0.019430000000056003
5;Albocàsser;12140;CASA MARI CARMEN;R;2;C;Tras La Iglesia;12;649840026;carnsismael@hotmail.com;;40.38227065700005, 0.019430000000056003
6;Albocàsser;12140;CASA MELIA;R;2;C;ESPERANZA;9;964428432;info@turistrat.net;http://www.turistrat.es;40.38227065700005, 0.019430000000056003
8;Albocàsser;12140;JAUME I;R;2;C;Jaume I;27;696923007;casaruralalbocasser@gmail.com;https://casaruraljaumei.wordpress.com;40.38227065700005, 0.019430000000056003
11;Albocàsser;12140;MAS D'EN CAMANYES;R;2;;MAS D'EN CAMANYES;;964428432;info@turistrat.es;www.turistrat.es;40.38227065700005, 0.019430000000056003
12;Albocàsser;12140;MAS D'EN CAMANYES B;R;2;;MAS D'EN CAMANYES;S7N;964428432;info@turistrat.es;www.turistrat.es;40.38227065700005, 0.019430000000056003
20;Alfondeguilla;12609;CAN PITU;R;2;C;PASTORES;11;629364960;reservas@ canpitu.es;http://canpitu.es;39.83430000000004, -0.28161189399997905
22;Almedíjar;12413;CASA PILAR;R;2;C;MORERAL;51;961858991;;;39.86885545200005, -0.410721059999957
25;Altura;12410;MASIA SAN JUAN-CASA 14;R;2;PD;MASIA SAN JUAN;;964132087;masiasanjuan@terra.es;http://www.masiadesanjuan.com;39.80756000000008, -0.583308131999956
26;Altura;12410;MASIA SAN JUAN-CASA 15;R;2;PD;MASIA SAN JUAN;;964132087;masiasanjuan@terra.es;http://www.masiadesanjuan.com;39.80756000000008, -0.583308131999956
28;Altura;12410;MASIA SAN JUAN-CASA 7;R;2;PD;MASIA SAN JUAN;;964132087;masiasanjuan@terra.es;http://www.masiadesanjuan.com;39.80756000000008, -0.583308131999956
30;Altura;12410;MASIA SAN JUAN-CASA 9;R;2;PD;MASIA SAN JUAN;;964132087;masiasanjuan@terra.es;http://www.masiadesanjuan.com;39.80756000000008, -0.583308131999956
36;Ares del Maestrat;12165;CASA CONCHA II;R;2;C;VIOLETA;16;639579271;conchaares@hotmail.com;;40.43918000000008, -0.11503567599993401
38;Ares del Maestrat;12165;CASA JAMIN;R;2;;MOLINS DEL SOL DE LA COSA;;660950792;;;40.43918000000008, -0.11503567599993401
39;Ares del Maestrat;12165;ESCOLA DE LA VALL;R;2;PD;MAS LA VALL;S/N;964443064;ares.adl@cv.gva.es;;40.43918000000008, -0.11503567599993401
41;Ares del Maestrat;12165;MAS DE LLORENS I;R;2;;MASIA LLORENS;;639579271;;;40.43918000000008, -0.11503567599993401
42;Ares del Maestrat;12165;MAS DE LLORENS II;R;2;;MASIA LLORENS;;639579271;;;40.43918000000008, -0.11503567599993401
44;Atzeneta del Maestrat;12132;CAL MASOVER;R;2;;MAS DEL MAGRANAR;S/N;964766831;info@elmangranar.com;http://www.elmangranar.com/;40.22622000000007, -0.18521786399998003
46;Atzeneta del Maestrat;12132;EL COLOMER;R;2;;MAS DEL MAGRANAR;S/N;964766831;info@elmangranar.com;http://www.elmangranar.com/;40.22622000000007, -0.18521786399998003
50;Ayódar;12224;CASA MAYOR;R;2;C;MAYOR;11,13;606423254;casamayor@serradespada.com;http://www.serradespada.com/;39.97814712100006, -0.395269999999925
53;Barracas;12420;CASA SILVERIO;R;2;C;TERUEL;32;662228603;;http://www.turismoruralse.com;39.99925108700006, -0.6982499999999731
58;Benassal;12160;CASA GIRONA;R;2;;BALNEARIO FUENTE EN SEGURES-SERRAES;68;964431155;;;40.39140500000008, -0.17551575999993901
59;Benassal;12160;LA FONT;R;2;C;FONT EN SEGURES;30;964431341;;;40.39140500000008, -0.17551575999993901
60;Benassal;12160;MAS DE TENESA;R;2;;MAS DE TENESA;;964444017;masdetenesa@gmail.com;;40.39140500000008, -0.17551575999993901
61;Benassal;12160;MAS DEL CORRALET;R;2;;MAS DE CENTELES DE BAIX;S/N;964431119;evapitarchf@hotmail.com;;40.39140500000008, -0.17551575999993901
62;Benassal;12160;MASIA DE BLAI;R;2;PD;MAS DE FELIP;;619489064;gloriagarciab@gmail.com (error);;40.39140500000008, -0.17551575999993901
63;Benassal;12160;MASIA MONTERDE;R;2;;MASIA MONTERDE;;679889138;minasmonterde@gmail.com;;40.39140500000008, -0.17551575999993901
64;Benassal;12160;MASIA PINELLA A;R;2;PD;rivet;;964431380;;;40.39140500000008, -0.17551575999993901
65;Benassal;12160;MASIA PINELLA B;R;2;PD;RIVET;;964431380;;;40.39140500000008, -0.17551575999993901
69;Benassal;12160;VILLA ANGELES III;R;2;AV;DR. PUIGVERT;s/n-2?;964209900;;;40.39140500000008, -0.17551575999993901
74;Cabanes;12180;CA VICENT;R;2;C;DEL MAR;23;659048837;cavicent@castelloninterior.com;http://www.castelloninterior.com;40.14062500000006, 0.074784770000064
82;Castell de Cabres;12319;CASA LA MESTRA;R;2;C;MAJOR;13;977729015;;;40.66743500000007, 0.047877656000025005
87;Castellnovo;12413;EL CASTILLO;R;2;C;CASTILLO;4;964711139;castillorural@hotmail.com;;39.85794500000003, -0.43359542199993906
89;Castellnovo;12413;VILLA AMPARO;R;2;C;SEGORBE;6;964137297;;;39.85794500000003, -0.43359542199993906
90;Catí;12513;CASA TERESA;R;2;C;LARGA;76;964409033;;;40.487979360000054, 0.021750000000054
92;Catí;12513;CASA TERESA II;R;2;C;MOLINO;12;964409033;;;40.487979360000054, 0.021750000000054
98;Catí;12513;MASIA LA COSTERETA;R;2;;MASIA LA COSTERETA;;608047493;danielyencarna62@hotmail.es;;40.487979360000054, 0.021750000000054
101;Caudiel;12440;VISTA ALEGRE;R;2;C;VISTA ALEGRE;10;675029889;mtmcb@hotmail.com;http://www.casasruralesbenca.com/;39.990558976000045, -0.594734999999957
103;Cervera del Maestre;12578;CASA COTA;R;2;C;NUEVA;27;964428432;info@turistrat.es;www.turistrat.es;40.44645000000003, 0.278189827000062
108;Cinctorres;12318;MAS NOU I;R;2;;MAS NOU;S/N;964161029;pedro@turismorural.com;http://www.turismoruralmorella.com/;40.57462953000004, -0.21521693299996503
109;Cinctorres;12318;MAS NOU II;R;2;;MAS NOU;S/N;964161029;pedro@turismorural.com;http://www.turismoruralmorella.com/;40.57462953000004, -0.21521693299996503
111;Cirat;12231;CASA EL MEDICO;R;2;PL;LAS ERAS;1;964143113;info@cirat.es;;40.04645500000004, -0.46221056099994906
122;Culla;12163;ALDEAROQUETA - MIRADOR;R;2;MS;MAS EN ROQUETA;S/N;964762195;info@aldearoqueta.com;http://aldearoqueta.com;40.29137500000007, -0.12559661799997401
123;Culla;12163;ALDEAROQUETA - OBSERVATORI;R;2;MS;MAS EN ROQUETA;S/N;964762195;info@aldearoqueta.com;http://aldearoqueta.com;40.29137500000007, -0.12559661799997401
124;Culla;12163;ALDEAROQUETA - PANORAMICA;R;2;MS;MAS D'EN ROQUETA;S/N;964762195;info@aldearoqueta.com;http://aldearoqueta.com;40.29137500000007, -0.12559661799997401
125;Culla;12163;ALDEAROQUETA - PASAJE 1;R;2;MS;MAS D'EN ROQUETA;S/N;964762195;info@aldearoqueta.com;http://aldearoqueta.com;40.29137500000007, -0.12559661799997401
131;Culla;12163;ALDEAROQUETA-CARRERO DE BAIX 2;R;2;MS;MAS EN ROQUETA;S/N;964762195;info@aldearoqueta.com;http://aldearoqueta.com;40.29137500000007, -0.12559661799997401
132;Culla;12163;ALDEAROQUETA-DEL BALCO;R;2;MS;MAS EN ROQUETA;S/N;964762195;info@aldearoqueta.com;http://aldearoqueta.com;40.29137500000007, -0.12559661799997401
136;Culla;12163;ANTIGA ESCOLA MAS DEL MOLINELL;R;2;;MASIA MOLINELL;7;635830743;;;40.29137500000007, -0.12559661799997401
147;Culla;12163;MAS D'ELS CANTONETS;R;2;;MAS D'ELS CANTONETS;;618156250;;;40.29137500000007, -0.12559661799997401
148;Culla;12163;MAS D'ELS CANTONETS II;R;2;;MASIA CANTONETS;7;964762085;;;40.29137500000007, -0.12559661799997401
150;Culla;12163;MAS DE TORRE AMADOR;R;2;;MAS DE LA TORRE AMADOR;;964446311;torreamador@hotmail.com;;40.29137500000007, -0.12559661799997401
152;Culla;12163;MASIA DEALBERT;R;2;PD;MASIA CORRALETS I;SN;964446367;;;40.29137500000007, -0.12559661799997401
153;Culla;12163;MASIA SORT DE BOIX;R;2;PD;PLA DE SABATER POLIGONO 208 PARCELA 18;SN;652696175;anapalerm@hotmail.es;http://www.casas-rurales-castellon.com/;40.29137500000007, -0.12559661799997401
155;Culla;12163;MASIA DE MARIA II;R;2;PD;MAS DE LES FORQUES;S/N;659395919;masdelesforques@castelloninterior.com;http://www.castelloninterior.com;40.29137500000007, -0.12559661799997401
165;Figueroles;12122;CASA EL FORN;R;2;PL;IGLESIA;11;658214683;;http://www.casaruralelforn.com/;40.125425000000064, -0.22631086199993403
170;Forcall;12310;CASA TONET II;R;2;C;TAPIETA;5;964171263;;http://www.casestonet.com;40.656150000000025, -0.21379255099992603
171;Forcall;12310;CASA TONET III;R;2;C;TAPIETA;3;964171263;;http://www.casestonet.com;40.656150000000025, -0.21379255099992603
175;Geldo;12412;CASA RURAL EL SECRETARIO;R;1;C;MAESTRA DO?A JULIA;5;964711209;notificaciones@geldo.es;;39.83503945800004, -0.464422693999949
178;Jérica;12450;CASA EL LORETO;R;2;C;LORETO;60;606936308;casaloreto.jerica@gmail.com;http://www.casaloreto.com;39.89489000000003, -0.552439460999949
181;Jérica;12450;CASA RURAL TERESA LA CUCA;R;2;C;VALCALIENTE;13;651019969;casaruralteresalacuca@gmail.com;http://www.casaruralteresalacuca.com/;39.89489000000003, -0.552439460999949
182;Jérica;12450;CASA SHARIQUA;R;2;CM;SAN ANTON;S/N;964764294;info@shariqua.com;http://www.shariqua.com;39.89489000000003, -0.552439460999949
185;Jérica;12450;MASIA NOVALES;R;2;PD;Novales;s/n;620274979;reservas@masianovales.com;http://www.masianovales.com;39.89489000000003, -0.552439460999949
186;L'Alcora;12110;MASIA VILLALONGA;R;2;PO;Parcela 25 - Poligono 16;S/N;655681298;info@masiavillalonga.com;http://www.masiavillalonga.com;40.07457004400004, -0.217484947999935
187;L'Alcora;12110;MASIA VILLALONGA II;R;1;PO;PARCELA 25;16;608962910;info@masiavillalonga.com;;40.07457004400004, -0.217484947999935
190;La Jana;12340;CASA VICENTICA;R;2;C;ELS FRARES;18;964173117;;http://www.casesdemorella.com;40.50235500000008, 0.23663143100003403
191;La Jana;12340;LES OLIVERES MIL.LENARIES;R;4;C;Valencia;36-34;677578351;segabala@gmail.com;https://www.lesoliveresmillenaries.com;40.50235500000008, 0.23663143100003403
209;La Serratella;12184;CASA CARRERO;R;2;C;carasol;23;964428432;info@turistrat.es;http://www.turistrat.es;40.30264471500004, 0.026545000000055004
210;La Serratella;12184;ELS MASETS;R;2;PD;MASIA ELS MASETS;S/N;964428432;info@turistrat.es;www.turistrat.es;40.30264471500004, 0.026545000000055004
212;La Serratella;12184;MAS DE MANUEL;R;2;;MAS DE SELMA;S/N;964760840;masdeselma@masdeselma.com;http://www.masdeselma.com;40.30264471500004, 0.026545000000055004
213;La Torre d'En Besora;12161;CASA BARREDA;R;2;C;DALT;9;964361269;;;40.31852500000008, -0.083652897999968
215;La Torre d'En Besora;12161;CASA RULL;R;2;C;BAIX LA VILA;23;964446375;rull-manuel@hotmail.com;http://www.actiweb.es/casarull/;40.31852500000008, -0.083652897999968
219;La Torre d'En Besora;12161;L'ARC I;R;2;C;BAIX LA VILA;47;647632345;torretur@gmail.com;http://www.torretur.com;40.31852500000008, -0.083652897999968
223;Les Coves de Vinromà;12185;CASA MARIN II;R;2;C;SANT FERRAN;24;964426129;marinboira@yahoo.es;;40.35058991500006, 0.104010000000073
227;Les Coves de Vinromà;12185;CASA TOSCANA;R;2;PO;7 PARCELA;30;629161989;roberto.nos@hotmail.com;http://www.ruralenrieres.com;40.35058991500006, 0.104010000000073
231;Les Useres/Useras;12118;LA MIGUELOTA;R;2;PD;ROSERS;2;665059460;mireiallinares@gmail.com;vacacionesconmascota.com;40.17508000000004, -0.171041134999939
233;Les Useres/Useras;12118;MAS ALE;R;2;PD;MASIA ALE;SN;669377815;oscarklr@yahoo.com;http://www.alemasrural.com;40.17508000000004, -0.171041134999939
239;Les Useres/Useras;12118;MAS DELS FUMEROS;R;3;MS;DELS FUMEROS;30;675515299;estomas84@gmail.com;;40.17508000000004, -0.171041134999939
245;Matet;12415;SIERRA DE ESPADAN;R;2;PL;IGLESIA PISO 1 Y 2;3;964142546;matet_alc@gva.es;;39.94284829400004, -0.45950292399993403
246;Montán;12447;LA CASA DE MONTAN;R;3;C;CALVARIO;26;618278267;casarural@lacasademontan.com;;40.03213000000005, -0.560905398999977
248;Morella;12300;CASA ANA;R;2;C;CUESTA ARRAPAT;S/N;964160110;cise@morella.net;http://www.casesdemorella.com;40.56230500000004, -0.05324419999993701
252;Morella;12300;CASA JULIAN DE LA FABRICA GINER;R;2;CR;Cv-14 Morella-Sorita km 3, FABRICA GINER;;964173117;casesdemorella@morella.net;https://www.casesdemorella.com/;40.56230500000004, -0.05324419999993701
254;Morella;12300;CASA LA MESTRA II;R;2;C;SOL-PEDANIA DE HERBESET;7;964173117;casesdemorella@morella.net;http://www.casesdemorella.com;40.56230500000004, -0.05324419999993701
262;Morella;12300;CASES DELS GASULLA 5;R;2;C;L'HOSPITAL - XIVA DE MORELLA;9;964173246;xivarural@yahoo.es;http://www.casesdelsgasulla.com/;40.56230500000004, -0.05324419999993701
263;Morella;12300;CASETA LA QUEROLA;R;2;;BARRIO HOSTAL NOU;S/N;964160867;casalaquerola@hotmail.com;http://www.casesdemorella.com;40.56230500000004, -0.05324419999993701
264;Morella;12300;EL CORREU;R;2;C;MAJOR-XIVA DE MORELLA;28;964160160;barprats@gmail.com;http://www.casesdemorella.com;40.56230500000004, -0.05324419999993701
267;Morella;12300;LA CASA DE LAS ORQUIDEAS;R;2;C;BARRINOL;12;672380578;samarcanda40@gmail.com;http://www.lacasadelaluzmorella.blogspot.com.es/;40.56230500000004, -0.05324419999993701
269;Morella;12300;LA FONT DEL ROSER I;R;2;C;MAJOR-XIVA DE MORELLA;21;610548103;info@fontdelroser.com;http://www.fontdelroser.com/;40.56230500000004, -0.05324419999993701
271;Morella;12300;LA FONT DEL ROSER III;R;2;C;MAJOR-XIVA DE MORELLA;21;610548103;info@fontdelroser.com;http://www.fontdelroser.com/;40.56230500000004, -0.05324419999993701
272;Morella;12300;MAS EL PORTALET;R;2;;MES EL PORTALET;;977321762;;;40.56230500000004, -0.05324419999993701
273;Morella;12300;MASIA ENDUELLA I;R;2;;MASIA ENDUELLA;S7N;964161096;reservas@casaenduella.com;http://www.casaenduella.com;40.56230500000004, -0.05324419999993701
274;Morella;12300;MASIA ENDUELLA II;R;2;;MASIA ENDUELLA;S/N;964161096;reservas@casaenduella.com;http://www.casaenduella.com;40.56230500000004, -0.05324419999993701
279;Morella;12300;VALLIVANA SUITES & SPA;R;5;C;Virgen de Vallivana;21;690673772;info@vallivanasuites.com;https://www.vallivanasuites.com;40.56230500000004, -0.05324419999993701
282;Olocau del Rey;12312;CASA DE ANGELITA;R;2;C;EN PROYECTO;S/N;964178481;hostalmesondelrey@hotmail.com;http://www.turismoruralinterior.com/;40.63454000000007, -0.29665543399994404
283;Olocau del Rey;12312;CASA LA RAMBLETA;R;2;PD;UMBRIA, POLIGONO 1 PARCELA;15;;;;40.63454000000007, -0.29665543399994404
285;Olocau del Rey;12312;MOLINO ROYO;R;2;PD;RIERA;;964180020;molinoroyo@hotmail.com;;40.63454000000007, -0.29665543399994404
286;Onda;12200;LA CHICA;R;2;PD;TIS POLIGONO 50 PARCELA 72;72;600350806;inmagimenog@hotmail.com;;39.98721000000006, -0.21601295999994302
288;Palanques;12311;CASA ALTA II;R;2;C;ALTA;14;964171282;;;40.71020392300005, -0.19391022899992502
291;Palanques;12311;PATI DE CURREU;R;2;C;DE LA PLAZA;S/N;964177555;;;40.71020392300005, -0.19391022899992502
295;Pina de Montalgrao;12429;CASA LA ABUELA;R;2;C;LA PLAZA;7;964121082;;http://turismoruralse.com;40.01437563400003, -0.652781218999962
296;Pina de Montalgrao;12429;LA CISTERNA DE ARRIBA;R;2;C;EL HORNO;10;964121082;;;40.01437563400003, -0.652781218999962
299;Puebla de Arenoso;12428;CASA JULIO BENEDICTO;R;2;AV;ARENOS;18;964121082;sierraespina@hotmail.com;http://www.turismoruralse.com;40.09626856500006, -0.5882299999999531
301;Puebla de Arenoso;12428;DALT DE MONTANEJOS;R;2;C;MAYOR;4;964209007;;;40.09626856500006, -0.5882299999999531
306;Sant Jordi/San Jorge;12320;CARMENS 2 - SANT JORDI;R;2;C;Juan Bautista Ronchera;3;670081897;m.ripolles@hotmail.com;;40.53720000000004, 0.358533467000029
314;Sant Jordi/San Jorge;12320;L'AMBORGET;R;2;C;Sant Vicent;10;964499032;info@amborget.com;http://www.amborget.com;40.53720000000004, 0.358533467000029
316;Sant Jordi/San Jorge;12320;LA MALLADA;R;2;C;ESCOLES;2;964499032;info@amborget.com;http://www.amborget.com;40.53720000000004, 0.358533467000029
320;Sant Mateu;12170;LES CAIXES;R;2;C;BONAIRE;16;626507022;;;40.46327000000008, 0.168449568000028
321;Segorbe;12400;CASA ARGEN;R;1;C;BARRIMORAL;4;605201705;casaargen@gmail.com;http://www.casaargen.com;39.850743582000064, -0.49020999999993303
323;Segorbe;12400;EL PATIO DE LAS CEBOLLAS;R;3;C;CANONIGO CORTES;16;653641558;contacto@elpatiodelascebollas.com;http://www.elpatiodelascebollas.com;39.850743582000064, -0.49020999999993303
336;Sierra Engarcerán;12182;MAS DE L`ESTELA;R;2;PD;MAS DE L`ESTELA;S/N;658983464;foresttour@valldalba.com;;40.275775175000035, -0.00012999999995500001
339;Sierra Engarceran;12182;MASIA CERVERA;R;2;;Masia Cervera, s/n, Els Rosildos;;659535011;info@masdalbalatrural.com;http://www.masdecerverarural.com;40.275775175000035, -0.00012999999995500001
341;Sot de Ferrer;12489;ALTO PALANCIA I;R;2;C;PROGRESO;25;964135197;;;39.79772000000003, -0.39940869799994505
348;Todolella;12312;CA REI II;R;2;C;ERES DE FOLIES;S/N;964171142;macrina@casarei.com;http://www.casarei.com/casa_rei2.php;40.64204414400007, -0.25925910899997
354;Todolella;12312;LA VENTA II;R;2;CR;LA MATA;;964171200;;;40.64204414400007, -0.25925910899997
356;Todolella;12312;MASICO SANTANA II;R;2;;DISEMINADO;;964177558;;http://www.morella.net/cases;40.64204414400007, -0.25925910899997
360;Vall d'Alba;12194;BARRANC DEL MINYO;R;2;CR;VILLAFRANCA, KM. 13.5;;964760232;;;40.18112000000008, -0.014462734999938002
367;Vallat;12230;CASA DEL HORNO;R;2;C;BAJA;5;617101394;casaruraldelhorno@gmail.com;http://www.casadelhorno.es o http://casaruraldelhorno.wordpress.com;40.03716851400003, -0.33434296699994004
369;Vilafamés;12192;CA FELICITAT;R;3;CM;Vell;35;655968531;cafelicitatvilafames@gmail.com;https://cafelicitatvilafam.wixsite.com/misitio-1;40.12160000000006, -0.07053773899997301
371;Vilafamés;12192;EL CAMPANAR;R;2;C;IGLESIA;14;964830192;;http://casaruralcampanar.com;40.12160000000006, -0.07053773899997301
378;Vilanova d'Alcolea;12183;LA COSA NOSTRA;R;2;C;LA TORRE;67;964426016;;http://vilanovarural.com;40.242290000000025, 0.087465077000047
380;Vilar de Canes;12162;CASA ANDREU;R;2;C;DE BAIX;28;605798930;inmoandreu@gmail.com;;40.35681000000005, -0.060726332999934005
384;Vilar de Canes;12162;MAS DE LA SEGARRA;R;2;;Mas de la Segarra;S/N;606014948;hola@masdelasegarra.com;https://www.masdelasegarra.com;40.35681000000005, -0.060726332999934005
386;Villafranca del Cid/Vilafranca;12150;CASA PORTAL DEL FORN;R;2;C;BAJO PLAZA;2;619900884;info@casaruralvilatur.com;http://www.casaruralvilatur.com;40.42910420700008, -0.25637212099996903
387;Villafranca del Cid/Vilafranca;12150;CASA GLORIA;R;2;;MASIA LOSAR;14;964441199;;;40.42910420700008, -0.25637212099996903
390;Villafranca del Cid/Vilafranca;12150;CASA RURAL LAS DALIAS;R;2;C;BENASSAL;51;646839922;casarurallasdalias@gmail.com;http://www.casarurallasdalias.com;40.42910420700008, -0.25637212099996903
396;Villahermosa del Rio;12124;EL PINO;R;2;PD;SAN BARTOLOME;S/N;650102019;info@masiasanbartolome.com;http://www.masiasanbartolome.com;40.209745000000055, -0.423938815999974
397;Villahermosa del Rio;12124;EL REBOLLO;R;2;PD;SAN BARTOLOME;S/N;650102019;info@masiasanbartolome.com;http://www.masiasanbartolome.com;40.209745000000055, -0.423938815999974
398;Villahermosa del Rio;12124;LA ACACIA;R;2;PD;SAN BARTOLOME;S/N;650102019;info@masiasanbartolome.com;http://www.masiasanbartolome.com;40.209745000000055, -0.423938815999974
399;Villahermosa del Rio;12124;LA CARRASCA;R;2;PD;SAN BARTOLOME;S/N;650102019;info@masiasanbartolome.com;http://www.masiasanbartolome.com;40.209745000000055, -0.423938815999974
400;Villahermosa del Rio;12124;LA SERVERA;R;2;PD;SAN BARTOLOME;S/N;650102019;info@masiasanbartolome.com;http://www.masiasanbartolome.com;40.209745000000055, -0.423938815999974
404;Villores;12311;LES ESCOLES I;R;2;C;LA FUENTE;S/N;964171096;cise@morella.net;http://www.casesdemorella.com;40.678465868000046, -0.204089748999933
405;Villores;12311;LES ESCOLES II;R;2;C;LA FUENTE;S/N;964171096;cise@morella.net;http://www.casesdemorella.com;40.678465868000046, -0.204089748999933
412;Vistabella del Maestrat;12135;LA CASETA DEL FORN (Penyagolosa);R;2;C;CASTELLO;17;655185291;lacasetadelforn@gmail.com;http://www.lacasetadelforn.blogspot.com;40.29920000000004, -0.313153613999929
414;Xert;12360;CASA ALBA;R;2;C;ARRABAL;19;964490215;info@casarurallaperdiu.com;http://www.casarurallaperdiu.com;40.54171000000008, 0.140162690000067
420;Xert;12360;EL PLANET DE MAELLA;R;2;C;FORN;11;686340935;elplanet.casarural@gmail.com;www.elplanetdemaella.es;40.54171000000008, 0.140162690000067
177;Herbés;12317;CASA PEPO;R;2;C;ARRABAL;18;978856600;tonyo8753@yahoo.es;http://www.casesdemorella.com;
4;Albocàsser;12140;CASA LA TORRE;R;2;C;SAN PABLO;15;964428432;info@turistrat.es;www.turistrat.es;40.38227065700005, 0.019430000000056003
9;Albocàsser;12140;LA CASETA;R;2;C;San Roque;73;653353332;;;40.38227065700005, 0.019430000000056003
10;Albocàsser;12140;LA VILETA;R;2;C;VILETA;22;964428432;info@turistrat.es;http://www.turistrat.es;40.38227065700005, 0.019430000000056003
13;Albocàsser;12140;MAS DE LA SEMOLA;R;2;MS;MAS DE LA SEMOLA;;964428432;info@turistrat.es;www.turistrat.es;40.38227065700005, 0.019430000000056003
14;Albocàsser;12140;MAS DE SANT PAU;R;2;PD;SANT PAU;S/N;964428432;info@turistrat.es;www.turistrat.es;40.38227065700005, 0.019430000000056003
15;Albocàsser;12140;TIA MARIETA;R;2;C;SAN JUAN;4;964428432;info@turistrat.es;www.turistrat.es;40.38227065700005, 0.019430000000056003
16;Alcalà de Xivert / Alcossebre;12570;MASIA SIERRA IRTA;R;2;PO;44 PARCELA 61 Y 62;SN;691203632;masiasierrairta@hotmail.com;www.masiasierrairta.com;40.24433000000005, 0.27099000000004003
19;Alcudia de Veo;12222;EL SECADERO;R;1;C;DEL CASTILLO;26;605976271;;;39.91857259000005, -0.34003084999994804
23;Altura;12410;MASIA SAN JUAN-CASA 10;R;2;PD;MASIA SAN JUAN;;964132087;masiasanjuan@terra.es;http://www.masiadesanjuan.com;39.80756000000008, -0.583308131999956
29;Altura;12410;MASIA SAN JUAN-CASA 8;R;2;PD;MASIA SAN JUAN;;964132087;masiasanjuan@terra.es;http://www.masiadesanjuan.com;39.80756000000008, -0.583308131999956
31;Arañuel;12232;CA RAMONET;R;2;C;LAS CRUCES;2;679128021;;http://caramonet.blogspot.com.es/;40.084253784000055, -0.48893798299997104
34;Ares del Maestrat;12165;CASA COLL D 'ARES II;R;2;;COLL D'ARES;2?;639551172;;;40.43918000000008, -0.11503567599993401
43;Artana;12527;CASA MARIA;R;2;AV;SIERRA ESPADAN;41;615624711;;;39.895560000000046, -0.237264619999962
45;Atzeneta del Maestrat;12132;CASA DAMIA;R;2;;MAS DEL MAGRANAR;S/N;964766831;info@elmangranar.com;http://www.elmangranar.com/;40.22622000000007, -0.18521786399998003
47;Atzeneta del Maestrat;12132;LA ROQUETA;R;2;;MAS DEL MAGRANAR;S/N;964766831;info@elmangranar.com;http://www.elmangranar.com/;40.22622000000007, -0.18521786399998003
49;Atzeneta del Maestrat;12132;MASIA DE ATALAYA;R;2;MS;DE ATALAYA (BUZON 8);4;695609704;masiaatalaya@yahoo.es;http://www.masiaatalaya.com;40.22622000000007, -0.18521786399998003
51;Barracas;12420;CASA DEL CARMEN;R;2;AV;SAN ROQUE;3;662228600;;http://www.turismoruralse.com/;39.99925108700006, -0.6982499999999731
52;Barracas;12420;CASA SAN JOSE;R;2;AV;VALENCIA;10;964121154;;;39.99925108700006, -0.6982499999999731
54;Benafer;12449;ARMINDA;R;2;C;SANTA ANA;7;675029889;mtmcb@hotmail.com;http://www.casasruralesbenca.com/;39.964573976000054, -0.604995865999967
55;Benafer;12449;TORRE BUEN AIRE;R;3;C;ERAS SANZ;9;675029889;mtmcb@hotmail.com;;39.964573976000054, -0.604995865999967
68;Benassal;12160;VILLA ANGELES II;R;2;AV;DR. PUIGVERT;s/n-1;964209900;;;40.39140500000008, -0.17551575999993901
70;Benicarló;12580;MAS DEL REY;R;2;PD;MAS DEL REY POLIGONO 1 PARCELA 363;SN;607023216;info@masdelrey.com;http://www.masdelrey.com;40.445745000000045, 0.40967510700005505
71;Benicarló;12580;MAS DEL REY II;R;1;PD;MAS DEL REY, POLIGONO 1 PARCELA 363;SN;607023216;info@masdelrey.com;http://www.masdelrey.com;40.445745000000045, 0.40967510700005505
76;Cabanes;12180;CASA RURAL ROSA;R;2;C;SANT JOSEP;11;964331434;;casaruralencabanes.com;40.14062500000006, 0.074784770000064
79;Cálig;12589;CAL ROSSET;R;3;C;SANTA BARBARA;35;665555469;leonor.rural@hotmail.com;;40.467801500000064, 0.352885000000071
80;Cálig;12589;CASA RURAL LA TORRE;R;2;C;SAN LORENZO;6;665555469;leonor.rural@hotmail.com;http://casarurallatorrecalig.com;40.467801500000064, 0.352885000000071
83;Castell de Cabres;12319;L'ESCOLA;R;2;C;HOSPITAL;44197;977729015;cise@morella.net;http://www.morella.net/cases;40.66743500000007, 0.047877656000025005
85;Castellfort;12159;CASETA MIGDIA;R;1;C;Mediodia;41579;;info@castellfort.es;http://castellfort.es;40.51201000000003, -0.19463855199995803
88;Castellnovo;12413;PLAZA DEL OLMO;R;2;PL;DEL OLMO;5;660362975;;;39.85794500000003, -0.43359542199993906
93;Catí;12513;CASA TIA ROSETA;R;2;PL;ABAJO;8;964247505;;;40.487979360000054, 0.021750000000054
97;Catí;12513;MAS VELL;R;2;PD;LA VALL - MAS VELL;;964765014;masvellcati@mail.com;;40.487979360000054, 0.021750000000054
99;Caudiel;12440;CASA RURAL MITA;R;2;C;PELAYO;41;639110592;info@casaruralmita.com;http://www.casaruralmita.com;39.990558976000045, -0.594734999999957
100;Caudiel;12440;EL RINCON DE JARA;R;4;C;Murillo;22;963463426;reservas@elrincondejara.com;http://www.elrincondejara.com;39.990558976000045, -0.594734999999957
102;Cervera del Maestre;12578;CARRER FORN;R;2;C;NUEVA;27-bis;964428432;info@turistrat.es;http://www.turistrat.es;40.44645000000003, 0.278189827000062
105;Cervera del Maestre;12578;EL REFUGI DEL MAESTRAT B;R;2;C;VALLADA;8;964428432;info@turistrat.es;http://www.turistrat.es;40.44645000000003, 0.278189827000062
106;Chóvar;12499;LA POSADA DE CHOVAR;R;2;C;POZO;26;620985845;info@laposadadechovar.com;http://www.laposadadechovar.com;39.84886000000006, -0.323024119999956
107;Cinctorres;12318;CASA RAMIRO;R;2;C;LA PLAZA;36;964181075;;;40.57462953000004, -0.21521693299996503
113;Cirat;12231;CASA ROSAIRE;R;2;C;ROSAIRE;14;964300394;reservas@casarosaire.com;;40.04645500000004, -0.46221056099994906
114;Cortes de Arenoso;12127;MAS DE LEON AGROTURISME;R;1;MS;MAS DE LEON POLIGONO CUEVA SAN JUAN;SN;647450957;santipeal@yahoo.es;http://masdeleon.com;40.204909721000035, -0.5274099999999741
115;Cortes de Arenoso;12127;MASIA LA MATEBA;R;2;CR;Montanejos;s/n;653391717;info@maslamateba.org;https://www.maslamateba.org;40.204909721000035, -0.5274099999999741
116;Culla;12163;ALDEAROQUETA - CANTO D'ALT;R;2;MS;MAS EN ROQUETA;S/N;964762195;info@aldearoqueta.com;http://aldearoqueta.com;40.29137500000007, -0.12559661799997401
118;Culla;12163;ALDEAROQUETA - CARRER D'ALT 1;R;2;MS;MAS EN ROQUETA;S/N;964762195;info@aldearoqueta.com;http://aldearoqueta.com;40.29137500000007, -0.12559661799997401
127;Culla;12163;ALDEAROQUETA - PATI;R;2;MS;MAS D'EN ROQUETA;S/N;964762195;info@aldearoqueta.com;http://aldearoqueta.com;40.29137500000007, -0.12559661799997401
128;Culla;12163;ALDEAROQUETA - PLACA DE LA FONT 1;R;2;MS;MAS D'EN ROQUETA;S/N;964762195;info@aldearoqueta.com;http://aldearoqueta.com;40.29137500000007, -0.12559661799997401
133;Culla;12163;ALDEAROQUETA-DEL PORCHE 1;R;2;MS;MAS EN ROQUETES;S/N;964762195;info@aldearoqueta.com;http://aldearoqueta.com;40.29137500000007, -0.12559661799997401
134;Culla;12163;ANTIGA ESCOLA MAS D'EN SAERA;R;2;;MAS D'EN SAERA;3;635830743;;;40.29137500000007, -0.12559661799997401
135;Culla;12163;ANTIGA ESCOLA MAS DE SALES MATELLA;R;2;;MAS DE SALES MATELLA;3;635830743;;;40.29137500000007, -0.12559661799997401
137;Culla;12163;ANTIGA ESCOLA PLA DEL SABATER;R;2;;MAS DEL PLA DEL SABATER;4;635830743;;;40.29137500000007, -0.12559661799997401
140;Culla;12163;CASA JOSE;R;2;;MASIA PLA DEL SABATER;;964762234;;;40.29137500000007, -0.12559661799997401
145;Culla;12163;LA TORRE DEL FORN I;R;2;C;SOL;19;964446357;;;40.29137500000007, -0.12559661799997401
146;Culla;12163;LA TORRE DEL FORN II;R;2;C;SOL;19;964446357;;;40.29137500000007, -0.12559661799997401
149;Culla;12163;MAS D'EN CAMPOS;R;2;;MASIA CAMPOS;;964446327;;;40.29137500000007, -0.12559661799997401
151;Culla;12163;MASIA DE LA COVARXELLA;R;2;MS;De la Covarxella - El Molinell;S/N;696308275;info@casa-rural-castellon.com;http://www.casa-rural-castellon.com/;40.29137500000007, -0.12559661799997401
154;Culla;12163;MASIA DE MARIA I;R;2;PO;34, PARCELA;36;659395919;masdelesforques@castelloninterior.com;http://www.castelloninterior.com/;40.29137500000007, -0.12559661799997401
156;Eslida;12528;CASA ESTEL;R;2;C;SAN RAMON;5;629563368;ruralestel@terra.es;;39.88722500000006, -0.30484959599993905
161;Espadilla;12230;CASA RURAL TIO VICTORIANO;R;2;C;CANTON;2;605823360;info@casatiovictoriano.es;http://www.casatiovictoriano.es;40.03261604900007, -0.344274999999925
164;Figueroles;12122;CASA DE LA PAU;R;4;C;LA PAZ;11;615202574;trul92@hotmail.com;;40.125425000000064, -0.22631086199993403
168;Forcall;12310;CASA RURAL FORCALL;R;1;C;PETRA PALOS;13;964161036;resimorella@gmail.com;;40.656150000000025, -0.21379255099992603
169;Forcall;12310;CASA TONET I;R;2;C;TAPIETA;11;964171263;;http://www.casestonet.com;40.656150000000025, -0.21379255099992603
172;Forcall;12310;CASA TORREFOLCH II;R;2;C;TOMAS SALVADOR;28;964171235;info@casastorrefolch.com;http://www.casastorrefolch.com;40.656150000000025, -0.21379255099992603
174;Fuentes de Ayódar;12225;CASA FUENTES DE AYODAR III;R;2;PL;SALVADOR SEGARRA;15;964618034;fuentes_ayt@gva.es;;40.017806439000026, -0.42441596099996504
176;Geldo;12412;CASAS RURALES LOS MAESTROS;R;1;C;MAESTRA DO?A JULIA;5;964711209;info@geldo.es;http://www.geldo.es;39.83503945800004, -0.464422693999949
179;Jérica;12450;CASA MARIA JESUS;R;2;C;CAMBRA;11;964129117;;;39.89489000000003, -0.552439460999949
183;Jérica;12450;LA BUENA ESTRELLA;R;1;C;CAMBRA;48;627194857;suari6@hotmail.com;;39.89489000000003, -0.552439460999949
193;La Pobla de Benifassà;12599;CAL CORREU DE FREDES;R;2;C;DE DALT-FREDES;14;687427194;seguracastell@gmail.com;http://calcorreudefredes.com;40.683820000000026, 0.17701417800003502
194;La Pobla de Benifassà;12599;CASA EL MOLI;R;2;PL;DEL SOL;27-A;964428432;;;40.683820000000026, 0.17701417800003502
195;La Pobla de Benifassà;12599;CASA LA ROUREDA;R;2;C;ABADIA-EL BOIXAR;14;977729071;casarural@elboixar.net;http://www.elboixar.net;40.683820000000026, 0.17701417800003502
197;La Pobla de Benifassà;12599;CASA NURI;R;2;C;COSTERETA- FREDES;S/N;977729152;;;40.683820000000026, 0.17701417800003502
200;La Pobla de Benifassà;12599;CASA YAYO;R;2;C;COSTA IGLESIA;31;977729047;casamanolita@hotmail.com;http://www.casamanolita.es.tl;40.683820000000026, 0.17701417800003502
206;La Salzadella;12186;CAL MATINER;R;3;C;Concepcion;8;616377043;info@calmatiner.com;http://www.calmatiner.com;40.42602500000004, 0.14470446000007
208;La Serratella;12184;CASA CARASOL;R;2;C;CARASOL;23;964708304;;;40.30264471500004, 0.026545000000055004
211;La Serratella;12184;LA ROSA DELS VENTS;R;2;PO;3 PARCELA;29;964708320;alcaldia@laserratella.es;http://www.laserratella.es;40.30264471500004, 0.026545000000055004
217;La Torre d'En Besora;12161;EL JARDIN MEDITERRANEO, CASA EL CUP;R;2;MS;COLOMER;1;677474893;molicolomer@molicolomer.com;http://molicolomer.com;40.31852500000008, -0.083652897999968
218;La Torre d'En Besora;12161;EL JARDIN MEDITERRANEO- MOLI COLOMER;R;2;PD;PEDRISETA-POLIGONO 1-PARCELA 1;;677474893;molicolomer@molicolomer.com;http://www.molicolomer.com;40.31852500000008, -0.083652897999968
220;La Torre d'En Besora;12161;L'ARC II;R;2;C;BAIX LA VILA;47;647632345;torretur@gmail.com;http://www.torretur.com;40.31852500000008, -0.083652897999968
221;La Torre d'En Besora;12161;MASIA ELS VILAS;R;2;;Masia Els Vilas, 6;;660718249;hola@masiaelsvilas.com;https://masiaelsvilas.com;40.31852500000008, -0.083652897999968
222;La Torre d'En Doménec;12184;CASA QUATREVENTS;R;2;C;MAYOR;32;964428432;info@turistrat.es;http://www.turistrat.es;40.26701265400004, 0.07423086200003501
225;Les Coves de Vinromà;12185;CASA SERAFINA II;R;2;MS;ENRIERES, PZA. SANT ANTONI,;5;629161989;roberto.nos@hotmail.com;http://www.ruralenrieres.com;40.35058991500006, 0.104010000000073
229;Les Useres/Useras;12118;CASA FESTIVA;R;2;C;MAYOR;58;964388552;;;40.17508000000004, -0.171041134999939
230;Les Useres/Useras;12118;EL NIU DELS PAPUTS;R;1;PD;PARCELA 14;POL.79;686484305;;;40.17508000000004, -0.171041134999939
240;Les Useres/Useras;12118;MAS ELS VILARS;R;2;PD;Els Vilars;S/N;606014948;hola@maselsvilars.com;https://www.maselsvilars.com;40.17508000000004, -0.171041134999939
242;LLucena/Lucena del Cid;12120;FOIOS MAS DE MAGDALENA;R;2;;CV-190, KM. 22 - MAS DE MAGDALENA;;964381132;;;40.141275000000064, -0.28454124499995703
243;LLucena/Lucena del Cid;12120;MAS DE CABRERS-LLUCENA;R;2;MS;MAS DE BARTOLL;2;689209932;masdecabrers@hotmail.com;;40.141275000000064, -0.28454124499995703
244;LLucena/Lucena del Cid;12120;MAS DE MADALENA;R;2;CR;CV-190 km. 26;;630558934;info@masdemadalena.com;http://www.masdemadalena.com;40.141275000000064, -0.28454124499995703
247;Montanejos;12448;CASA RURAL LA PLAZA;R;4;PL;Espa?a;6;626199907;reservas@casasruralesmontanejos.com;http://www.casasruralesmontanejos.com;40.07010500000007, -0.53867785899996
249;Morella;12300;CASA FAUSTINO I;R;2;C;FAUSTINO-ORTELLS;1;964171282;;;40.56230500000004, -0.05324419999993701
250;Morella;12300;CASA FAUSTINO II;R;2;C;FAUSTINO-ORTELLS;3;964171282;;;40.56230500000004, -0.05324419999993701
255;Morella;12300;CASA LES BEATES;R;2;C;FUENTE-POBLA D'ALCOLEA;33;964470873;info@gasparbrau.com;http://www.gasparbrau.es/;40.56230500000004, -0.05324419999993701
256;Morella;12300;CASA SAN JULIAN;R;2;C;SAN JULIAN;36;964173232;casesdemorella@morella.net;;40.56230500000004, -0.05324419999993701
257;Morella;12300;CASA TORRE GROSA;R;2;PO;62 PARTIDA 59 (DENA PRIMER RIO FINCA TORRE GROSA);62;677448250;ruralmorella@hotmail.com;http://www.ruralmorella.net/;40.56230500000004, -0.05324419999993701
260;Morella;12300;CASES DELS GASULLA 3;R;2;C;L'HOSPITAL - XIVA DE MORELLA;5;964173246;xivarural@yahoo.es;http://www.casesdelsgasulla.com/;40.56230500000004, -0.05324419999993701
261;Morella;12300;CASES DELS GASULLA 4;R;2;C;L'HOSPITAL -XIVA DE MORELLA;7;964173246;xivarural@yahoo.es;http://www.casesdelsgasulla.com/;40.56230500000004, -0.05324419999993701
265;Morella;12300;EL SOSIEGO;R;2;PO;PARCELA 7 2? DEL RIO;19;677473362;cise@morella.net;http://www.casesdemorella.com/;40.56230500000004, -0.05324419999993701
266;Morella;12300;LA BASSETA;R;2;C;HERRERIA-ORTELLS;13;689932316;info@altretur.com;http://www.altretur.com/;40.56230500000004, -0.05324419999993701
270;Morella;12300;LA FONT DEL ROSER II;R;2;C;MAJOR-XIVA DE MORELLA;21;610548103;info@fontdelroser.com;http://www.fontdelroser.com/;40.56230500000004, -0.05324419999993701
275;Morella;12300;MASIA FONT D'EN TORRES;R;4;MS;FONT D'EN TORRES, Entrada por N-232 Km 66;;608843978;fontdentorres@gmail.com;http://www.fontdentorres.com;40.56230500000004, -0.05324419999993701
277;Morella;12300;TORRE GARGALLO I;R;2;CR;MORELLA-ARES, KM. 20;;964161091;info@torregargallo.com;http://www.torregargallo.com;40.56230500000004, -0.05324419999993701
280;Morella;12300;VISTES DE MORELLA;R;2;C;MAESTRO CARBO;51;964160040;cise@morella.net;http://www.casesdemorella.com;40.56230500000004, -0.05324419999993701
287;Palanques;12311;CASA ALTA I;R;2;C;ALTA;12;964171282;;;40.71020392300005, -0.19391022899992502
289;Palanques;12311;CASA ALTA III;R;2;C;ALTA;14;964173232;;;40.71020392300005, -0.19391022899992502
290;Palanques;12311;ERA FERRE;R;2;C;ERAS;S/N;964177555;;;40.71020392300005, -0.19391022899992502
292;Pina de Montalgrao;12429;CASA EL POZO;R;2;C;EL POZO;25;964121082;;http://turismoruralse.com;40.01437563400003, -0.652781218999962
293;Pina de Montalgrao;12429;CASA ELVIRA;R;2;C;HOSPITAL;11;964121082;;;40.01437563400003, -0.652781218999962
297;Pina de Montalgrao;12429;TIA RULLA 1;R;2;C;IGLESIA;5;964218058;c.r.tiarulla.hospital@gmail.com;;40.01437563400003, -0.652781218999962
298;Puebla de Arenoso;12428;CASA EUSEBIO;R;2;C;ESCUELAS;1;964121082;;;40.09626856500006, -0.5882299999999531
300;Puebla de Arenoso;12428;CASA LA FUENTE;R;2;AV;VIRGEN DEL ROSARIO;18;964121082;ruralespina@hotmail.com;http://www.turismoruralse.com;40.09626856500006, -0.5882299999999531
302;Rossell;12511;CAN JOAN;R;2;C;BAIX;15;977571435;info@can-joan.com;;40.619215000000054, 0.23242538400006602
303;Rossell;12511;CASA RURAL ANGELITA;R;4;C;LA FONT;26;977571247;cquerol@mgs.es;;40.619215000000054, 0.23242538400006602
310;Sant Jordi/San Jorge;12320;CASA MARIA REGINA;R;2;C;VINAROS;20;964428432;info@turistrat.es;http://www.turistrat.es;40.53720000000004, 0.358533467000029
311;Sant Jordi/San Jorge;12320;CASA PILAR -MAS DELS ESTELLERS-;R;2;C;FORN;41579;626246647;info@masdelsestellers.com;http://www.masdelsestellers.com;40.53720000000004, 0.358533467000029
312;Sant Jordi/San Jorge;12320;CASA TIA SALOME;R;3;C;SANT JOSEP;22;647515082;info@amborget.com;;40.53720000000004, 0.358533467000029
313;Sant Jordi/San Jorge;12320;HORT DEL VIVER;R;2;PD;SERRET;;964499218;info@hortdelviver.com;http://www.hortdelviver.com;40.53720000000004, 0.358533467000029
318;Sant Mateu;12170;CASA DEL CABRIT;R;2;PL;MARE DE DEU DE LA FONT;19;964460808;;;40.46327000000008, 0.168449568000028
319;Sant Mateu;12170;CASA DELS ARBRES;R;2;C;HISTORIADOR BETI;27;;casadelsarbres@gmail.com;;40.46327000000008, 0.168449568000028
324;Segorbe;12400;LA MEDIA LUNA;R;2;C;ALMAS;13;678925780;medialunacasarural@gmail.com;;39.850743582000064, -0.49020999999993303
327;Sierra Engarcerán;12182;CASA PAQUITA;R;2;PL;AYUNTAMIENTO;12;964706625;info@turistrat.net;http://www.turistrat.es;40.275775175000035, -0.00012999999995500001
331;Sierra Engarcerán;12182;LA CASITA DE PRIACE;R;1;MS;MAS DE CERVERA;9140;636761149;info@masdemas.es;;40.275775175000035, -0.00012999999995500001
332;Sierra Engarcerán;12182;LA SOLERA;R;2;C;JOAN- LOS ROSILDOS;11;964706806;info@casaruralsolera.com;http://www.casaruralsolera.com/;40.275775175000035, -0.00012999999995500001
334;Sierra Engarcerán;12182;MAS DE LA FONT;R;2;PD;MASIA DE LA FONT DE BECA;SN;610413549;;;40.275775175000035, -0.00012999999995500001
342;Sot de Ferrer;12489;CASA RURAL LA RUESCA;R;2;C;PROGRESO;15;964711514;;;39.79772000000003, -0.39940869799994505
343;Sot de Ferrer;12489;LA ALMAZARA;R;2;C;CARBONERAS;5;964135197;laalmazara_sot@hotmail.com;http://www.geocities.com/casarural_laalmazara;39.79772000000003, -0.39940869799994505
344;Sot de Ferrer;12489;LAS 4 ESQUINAS;R;2;C;PURISIMA;20;964135154;las4esquinas@sortrural.com;http://www.sortrural.com/;39.79772000000003, -0.39940869799994505
345;Tírig;12179;CASA JULIA;R;2;C;SAN JUAN;28;964428202;info@bocassitur.com;http://www.bocassitur.com/;40.43425000000008, 0.070630706000031
346;Tírig;12179;CASA LA VALLTORTA;R;2;C;ARRABAL DE VINAROS;35;964470873;info@gasparbrau.com;;40.43425000000008, 0.070630706000031
349;Todolella;12312;CASA NURI DE REI A;R;2;C;SAN CRISTOBAL;5;964213944;info@casaruralnuriderei.com;http://www.casaruralnuriderei.com;40.64204414400007, -0.25925910899997
351;Todolella;12312;CASA PIP;R;2;C;OLIVERA;S/N;607569592;;;40.64204414400007, -0.25925910899997
352;Todolella;12312;EL NIU DE MORELLA;R;2;C;ERES DEL CASTELL;15;964171142;macrima@casarei.com;http://www.casarei.com;40.64204414400007, -0.25925910899997
353;Todolella;12312;LA VENTA I;R;2;CR;LA MATA;;964171200;;;40.64204414400007, -0.25925910899997
358;Traiguera;12330;CA L'ABDONA;R;2;C;SAN PEDRO;15;964495066;;;40.54678000000007, 0.308167810000043
359;Traiguera;12330;CASA THIAR JULIA;R;5;C;LA FONT;6,7 y 9;964428432;info@turistrat.es;www.turistrat.es;40.54678000000007, 0.308167810000043
361;Vall d'Alba;12194;CASA EL ROS I;R;2;PD;PELEJANA;S/N;964428432;info@turistrat.es;http://www.turistrat.es;40.18112000000008, -0.014462734999938002
363;Vall d'Alba;12194;EL SECRET DE MARCO;R;3;MS;PELEJANETA;54;645190457;elsecretdemarco@gmail.com;;40.18112000000008, -0.014462734999938002
365;Vall d'Alba;12194;MAS DE PACO;R;2;MS;MAS PACO;1;616431114;ferizo@hotmail.com;;40.18112000000008, -0.014462734999938002
370;Vilafamés;12192;CASA RURAL LA ROCA;R;1;C;LA FONT;76;680918454;info@cevima.es;;40.12160000000006, -0.07053773899997301
372;Vilafamés;12192;EL MORRAL;R;1;C;PORTALET;15;625126722;caballos68@hotmail.com;;40.12160000000006, -0.07053773899997301
374;Vilafamés;12192;L'ARC TROBAT;R;3;C;Aguilera Cerni;30;618584312;info@larctrobat.es;http://larctrobat.es;40.12160000000006, -0.07053773899997301
375;Vilafamés;12192;LA LLAR;R;2;C;SANT ANTONI;28;654391299;espe.cervera@hotmail.com;;40.12160000000006, -0.07053773899997301
382;Vilar de Canes;12162;CASA DELS DRAGONS;R;2;MS;DEL SE?OR- CTRA. CV-165;KM. 40,5;661519669;info@aldeaecorural.com;https://www.aldeaecorural.com;40.35681000000005, -0.060726332999934005
385;Villafranca del Cid/Vilafranca;12150;CAMI REAL;R;2;C;BENASSAL;33;619900884;info@casaruralvilatur.com;http://www.casaruralvilatur.com;40.42910420700008, -0.25637212099996903
388;Villafranca del Cid/Vilafranca;12150;CASA LA COSTERA-FILIBERTO;R;2;C;FONT;11;655144675;fialcam@hotmail.com;;40.42910420700008, -0.25637212099996903
395;Villahermosa del Rio;12124;EL CEREZO;R;2;PD;SAN BARTOLOME;S/N;650102019;info@masiasanbartolome.com;http://www.masiasanbartolome.com;40.209745000000055, -0.423938815999974
407;Vistabella del Maestrat;12135;CASA CLERIG;R;2;C;MAYOR;7;615688044;;;40.29920000000004, -0.313153613999929
408;Vistabella del Maestrat;12135;CASA RURAL CAL PUENTO;R;2;CM;ARRABAL DE SAN JUAN;11;964389025;;;40.29920000000004, -0.313153613999929
413;Viver;12460;LA CASA BONITA;R;2;AV;DIPUTACION;3;964141056;sandrasanju@hotmail.com;;39.930105000000026, -0.6242169679999271
419;Xert;12360;CASA RURAL RUSTIC SUITES;R;3;PD;INDEPENDENCIA;47;687472516;odette@casaconjacuzzi.com;http://www.casaconjacuzzi.com;40.54171000000008, 0.140162690000067
422;Xodos/Chodos;12134;LA PALLISSA;R;2;C;Ferreria;9;964428432;info@turistrat.es;www.turistrat.es;40.23246000000006, -0.29319931699996005
